order_no,purchase_url,ad_url_group,channel_media,coupon,device,order_route
418951-20251126-0711240855,,,楽天市場,0,,モール
418951-20251126-0476040980,,,楽天市場,1123,,モール
418951-20251126-0628240954,,,楽天市場,0,,モール
418951-20251126-3692773333,,,楽天市場,0,,モール
418951-20251126-3692800976,,,楽天市場,0,,モール
418951-20251126-3692801876,,,楽天市場,0,,モール
418951-20251126-3692801620,,,楽天市場,0,,モール
418951-20251126-3692801619,,,楽天市場,0,,モール
418951-20251126-3692801717,,,楽天市場,0,,モール
418951-20251126-3692820409,,,楽天市場,0,,モール
418951-20251126-3692832270,,,楽天市場,0,,モール
418951-20251126-0851940840,,,楽天市場,1000,,モール
418951-20251126-0081341097,,,楽天市場,0,,モール
418951-20251126-0545640984,,,楽天市場,0,,モール
418951-20251126-0941940735,,,楽天市場,0,,モール
418951-20251126-0760340868,,,楽天市場,0,,モール
418951-20251126-0054641137,,,楽天市場,1123,,モール
ladder-shop-10000186,,,Yahoo!ショッピング,0,,モール
ladder-shop-10000187,,,Yahoo!ショッピング,500,,モール
ladder-shop-10000188,,,Yahoo!ショッピング,0,,モール
ladder-shop-10000189,,,Yahoo!ショッピング,0,,モール
418951-20251126-0133241167,,,楽天市場,1424,,モール
418951-20251126-0133241167,,,楽天市場,1424,,モール
418951-20251126-0046641298,,,楽天市場,0,,モール
418951-20251126-0079141283,,,楽天市場,0,,モール
418951-20251126-0128241298,,,楽天市場,1123,,モール
418951-20251126-0401341124,,,楽天市場,0,,モール
418951-20251126-0483241116,,,楽天市場,0,,モール
418951-20251126-0439741124,,,楽天市場,1123,,モール
418951-20251126-0405241198,,,楽天市場,0,,モール
418951-20251126-0936440980,,,楽天市場,0,,モール
418951-20251126-0936440980,,,楽天市場,0,,モール
418951-20251127-0388641219,,,楽天市場,0,,モール
418951-20251127-0094441377,,,楽天市場,3032,,モール
418951-20251127-0998140989,,,楽天市場,0,,モール
418951-20251127-0329641290,,,楽天市場,0,,モール
418951-20251127-0329641290,,,楽天市場,0,,モール
418951-20251127-0449841176,,,楽天市場,0,,モール
418951-20251127-3695754590,,,楽天市場,0,,モール
418951-20251127-3695763127,,,楽天市場,0,,モール
418951-20251127-3695763327,,,楽天市場,0,,モール
418951-20251127-3695775963,,,楽天市場,0,,モール
418951-20251127-3695776307,,,楽天市場,0,,モール
418951-20251127-3695776307,,,楽天市場,0,,モール
418951-20251127-3695776320,,,楽天市場,0,,モール
418951-20251127-3696160887,,,楽天市場,0,,モール
418951-20251127-0297141445,,,楽天市場,0,,モール
418951-20251127-0156141513,,,楽天市場,0,,モール
418951-20251127-0164441598,,,楽天市場,1123,,モール
418951-20251127-0329641585,,,楽天市場,0,,モール
418951-20251127-0335541432,,,楽天市場,0,,モール
418951-20251128-3697004513,,,楽天市場,0,,モール
418951-20251128-3697004614,,,楽天市場,0,,モール
418951-20251128-3697011358,,,楽天市場,0,,モール
418951-20251128-3697011706,,,楽天市場,0,,モール
418951-20251128-3697016088,,,楽天市場,0,,モール
418951-20251128-3697016610,,,楽天市場,0,,モール
418951-20251128-3697016618,,,楽天市場,0,,モール
418951-20251128-3697022873,,,楽天市場,0,,モール
418951-20251128-0203342042,,,楽天市場,0,,モール
418951-20251128-0260941821,,,楽天市場,1123,,モール
ladder-shop-10000192,,,Yahoo!ショッピング,0,,モール
418951-20251128-0284642033,,,楽天市場,0,,モール
418951-20251128-0284642033,,,楽天市場,0,,モール
ladder-shop-10000193,,,Yahoo!ショッピング,0,,モール
ladder-shop-10000194,,,Yahoo!ショッピング,1000,,モール
ladder-shop-10000195,,,Yahoo!ショッピング,0,,モール
418951-20251128-0345041798,,,楽天市場,1123,,モール
418951-20251128-0404142060,,,楽天市場,0,,モール
418951-20251128-0366041740,,,楽天市場,0,,モール
ladder-shop-10000197,,,Yahoo!ショッピング,1000,,モール
418951-20251128-0426041671,,,楽天市場,0,,モール
418951-20251128-0369142064,,,楽天市場,190,,モール
ladder-shop-10000198,,,Yahoo!ショッピング,0,,モール
418951-20251129-3698092871,,,楽天市場,0,,モール
418951-20251129-3698092900,,,楽天市場,0,,モール
418951-20251129-3698092909,,,楽天市場,0,,モール
418951-20251129-3698093368,,,楽天市場,0,,モール
418951-20251129-3698093408,,,楽天市場,0,,モール
418951-20251129-3698100193,,,楽天市場,0,,モール
418951-20251129-3698100572,,,楽天市場,0,,モール
418951-20251129-0383241899,,,楽天市場,0,,モール
418951-20251129-0462441821,,,楽天市場,0,,モール
418951-20251129-0473841796,,,楽天市場,0,,モール
ladder-shop-10000199,,,Yahoo!ショッピング,1000,,モール
418951-20251129-0526741777,,,楽天市場,0,,モール
ladder-shop-10000201,,,Yahoo!ショッピング,1000,,モール
418951-20251129-0580441977,,,楽天市場,0,,モール
418951-20251129-3698899701,,,楽天市場,0,,モール
ladder-shop-10000202,,,Yahoo!ショッピング,0,,モール
ladder-shop-10000202,,,Yahoo!ショッピング,0,,モール
418951-20251129-0663341999,,,楽天市場,0,,モール
418951-20251130-3699261011,,,楽天市場,0,,モール
418951-20251130-3699261635,,,楽天市場,0,,モール
418951-20251130-3699273713,,,楽天市場,0,,モール
418951-20251130-3699280169,,,楽天市場,0,,モール
418951-20251130-3699287180,,,楽天市場,0,,モール
418951-20251130-3699287690,,,楽天市場,0,,モール
418951-20251130-0620341822,,,楽天市場,0,,モール
418951-20251130-0728741806,,,楽天市場,0,,モール
418951-20251130-0728741806,,,楽天市場,0,,モール
418951-20251130-0720541834,,,楽天市場,0,,モール
ladder-shop-10000204,,,Yahoo!ショッピング,0,,モール
418951-20251130-0652541966,,,楽天市場,0,,モール
418951-20251130-0750241805,,,楽天市場,1123,,モール
ladder-shop-10000206,,,Yahoo!ショッピング,0,,モール
418951-20251130-0781242073,,,楽天市場,1123,,モール
418951-20251130-0721242061,,,楽天市場,0,,モール
418951-20251130-3700207862,,,楽天市場,0,,モール
418951-20251130-0727841965,,,楽天市場,0,,モール
418951-20251130-0769041948,,,楽天市場,0,,モール
418951-20251130-0887441986,,,楽天市場,0,,モール
418951-20251130-0900541724,,,楽天市場,0,,モール
418951-20251130-0828741811,,,楽天市場,0,,モール
ladder-shop-10000208,,,Yahoo!ショッピング,0,,モール
ladder-shop-10000211,,,Yahoo!ショッピング,1000,,モール
ladder-shop-10000212,,,Yahoo!ショッピング,1000,,モール
418951-20251130-0953141736,,,楽天市場,0,,モール
418951-20251130-0945342002,,,楽天市場,0,,モール
418951-20251130-3700964822,,,楽天市場,0,,モール
418951-20251130-0877641882,,,楽天市場,0,,モール
418951-20251130-0919341788,,,楽天市場,0,,モール
418951-20251130-3701150356,,,楽天市場,0,,モール
418951-20251130-0962241870,,,楽天市場,0,,モール
418951-20251201-0971242014,,,楽天市場,0,,モール
418951-20251201-3701480426,,,楽天市場,0,,モール
418951-20251201-3701480441,,,楽天市場,0,,モール
418951-20251201-3701486138,,,楽天市場,0,,モール
418951-20251201-3701486726,,,楽天市場,0,,モール
418951-20251201-3701493326,,,楽天市場,0,,モール
418951-20251201-3701493325,,,楽天市場,0,,モール
418951-20251201-3701498805,,,楽天市場,0,,モール
418951-20251201-3701498820,,,楽天市場,0,,モール
418951-20251201-3701499278,,,楽天市場,0,,モール
418951-20251201-3701499311,,,楽天市場,0,,モール
418951-20251201-3701504905,,,楽天市場,0,,モール
418951-20251201-3701505247,,,楽天市場,0,,モール
418951-20251201-3701505252,,,楽天市場,0,,モール
ladder-shop-10000213,,,Yahoo!ショッピング,500,,モール
418951-20251201-0067942393,,,楽天市場,1424,,モール
418951-20251201-0067942393,,,楽天市場,1424,,モール
418951-20251201-0154442208,,,楽天市場,1000,,モール
418951-20251201-0090642389,,,楽天市場,1123,,モール
ladder-shop-10000214,,,Yahoo!ショッピング,0,,モール
418951-20251201-0977141876,,,楽天市場,0,,モール
418951-20251201-0121442357,,,楽天市場,0,,モール
418951-20251201-0189842254,,,楽天市場,0,,モール
418951-20251201-0156642381,,,楽天市場,0,,モール
418951-20251201-0184742313,,,楽天市場,1000,,モール
418951-20251201-0184742313,,,楽天市場,1000,,モール
418951-20251201-0178642444,,,楽天市場,0,,モール
418951-20251201-0195142419,,,楽天市場,0,,モール
418951-20251201-0213042453,,,楽天市場,0,,モール
418951-20251201-0257042399,,,楽天市場,1123,,モール
418951-20251201-0328642230,,,楽天市場,1424,,モール
418951-20251201-0328642230,,,楽天市場,1424,,モール
418951-20251201-0254442320,,,楽天市場,1123,,モール
418951-20251201-0202342466,,,楽天市場,0,,モール
ladder-shop-10000215,,,Yahoo!ショッピング,0,,モール
418951-20251201-0303642304,,,楽天市場,0,,モール
418951-20251201-0303642304,,,楽天市場,0,,モール
418951-20251201-0369742237,,,楽天市場,0,,モール
418951-20251201-0321342251,,,楽天市場,1123,,モール
418951-20251201-0572042485,,,楽天市場,100,,モール
418951-20251201-0304742311,,,楽天市場,1123,,モール
418951-20251201-0220842524,,,楽天市場,0,,モール
418951-20251202-0445242241,,,楽天市場,1123,,モール
418951-20251202-0392042358,,,楽天市場,1000,,モール
418951-20251202-0248242524,,,楽天市場,0,,モール
418951-20251202-0269042506,,,楽天市場,1123,,モール
418951-20251202-3703495823,,,楽天市場,0,,モール
418951-20251202-3703495884,,,楽天市場,0,,モール
418951-20251202-3703495928,,,楽天市場,0,,モール
418951-20251202-3703496287,,,楽天市場,0,,モール
418951-20251202-3703496702,,,楽天市場,0,,モール
418951-20251202-0401742369,,,楽天市場,0,,モール
418951-20251202-0362742449,,,楽天市場,0,,モール
418951-20251202-0418442386,,,楽天市場,1000,,モール
418951-20251202-0455842407,,,楽天市場,0,,モール
418951-20251202-0539742227,,,楽天市場,0,,モール
418951-20251202-0534442276,,,楽天市場,0,,モール
418951-20251202-0534442276,,,楽天市場,0,,モール
418951-20251202-0666942196,,,楽天市場,0,,モール
418951-20251202-3704391428,,,楽天市場,0,,モール
418951-20251202-0316742604,,,楽天市場,0,,モール
418951-20251202-3704565995,,,楽天市場,0,,モール
418951-20251202-0628842316,,,楽天市場,0,,モール
418951-20251203-3704696294,,,楽天市場,0,,モール
418951-20251203-3704696498,,,楽天市場,0,,モール
418951-20251203-3704706949,,,楽天市場,0,,モール
418951-20251203-3704706951,,,楽天市場,0,,モール
418951-20251203-3704707106,,,楽天市場,0,,モール
418951-20251203-3704707194,,,楽天市場,0,,モール
418951-20251203-3704707311,,,楽天市場,0,,モール
418951-20251203-3704707352,,,楽天市場,0,,モール
418951-20251203-3704707372,,,楽天市場,0,,モール
418951-20251203-3704707394,,,楽天市場,0,,モール
418951-20251203-3704707496,,,楽天市場,0,,モール
418951-20251203-3704720015,,,楽天市場,0,,モール
418951-20251203-0587742322,,,楽天市場,0,,モール
418951-20251203-0688042308,,,楽天市場,1123,,モール
ladder-shop-10000217,,,Yahoo!ショッピング,0,,モール
418951-20251203-0611642337,,,楽天市場,1123,,モール
418951-20251203-0502142576,,,楽天市場,0,,モール
418951-20251203-0749742606,,,楽天市場,0,,モール
418951-20251203-0749742606,,,楽天市場,0,,モール
418951-20251203-0908242288,,,楽天市場,1123,,モール
418951-20251203-0793242458,,,楽天市場,1123,,モール
418951-20251204-0932242336,,,楽天市場,0,,モール
418951-20251204-0918942228,,,楽天市場,0,,モール
418951-20251204-3706192214,,,楽天市場,0,,モール
418951-20251204-3706192265,,,楽天市場,0,,モール
418951-20251204-3706192310,,,楽天市場,0,,モール
418951-20251204-3706198044,,,楽天市場,0,,モール
418951-20251204-3706198046,,,楽天市場,0,,モール
418951-20251204-3706208023,,,楽天市場,0,,モール
418951-20251204-0848242423,,,楽天市場,0,,モール
418951-20251204-0848242423,,,楽天市場,0,,モール
418951-20251204-0897542368,,,楽天市場,1123,,モール
418951-20251204-0766042483,,,楽天市場,1424,,モール
418951-20251204-0766042483,,,楽天市場,1424,,モール
418951-20251204-0949942327,,,楽天市場,1123,,モール
418951-20251204-0954442457,,,楽天市場,800,,モール
418951-20251204-0163042615,,,楽天市場,800,,モール
418951-20251204-0955942430,,,楽天市場,0,,モール
418951-20251204-0955942430,,,楽天市場,0,,モール
418951-20251204-0031842756,,,楽天市場,0,,モール
418951-20251204-0031842756,,,楽天市場,0,,モール
418951-20251204-0128442642,,,楽天市場,0,,モール
418951-20251204-0134742819,,,楽天市場,1123,,モール
418951-20251204-0200542837,,,楽天市場,1000,,モール
418951-20251204-0200142995,,,楽天市場,0,,モール
418951-20251204-0200142995,,,楽天市場,0,,モール
418951-20251204-0310942833,,,楽天市場,0,,モール
418951-20251204-0352942764,,,楽天市場,800,,モール
418951-20251204-0421842977,,,楽天市場,800,,モール
418951-20251204-0596642696,,,楽天市場,1123,,モール
418951-20251204-0245443152,,,楽天市場,2128,,モール
418951-20251204-0501742966,,,楽天市場,800,,モール
418951-20251204-0535542839,,,楽天市場,800,,モール
418951-20251204-0535542839,,,楽天市場,800,,モール
418951-20251205-3710282224,,,楽天市場,0,,モール
418951-20251205-0600042999,,,楽天市場,1000,,モール
418951-20251205-3710881693,,,楽天市場,0,,モール
418951-20251205-3710881769,,,楽天市場,0,,モール
418951-20251205-3710902808,,,楽天市場,0,,モール
418951-20251205-3710902867,,,楽天市場,0,,モール
418951-20251205-3710935575,,,楽天市場,0,,モール
418951-20251205-3710935578,,,楽天市場,0,,モール
418951-20251205-0788142674,,,楽天市場,2246,,モール
418951-20251205-3710965438,,,楽天市場,0,,モール
418951-20251205-3710965507,,,楽天市場,0,,モール
418951-20251205-3710989223,,,楽天市場,0,,モール
418951-20251205-3711011249,,,楽天市場,0,,モール
418951-20251205-3711023334,,,楽天市場,0,,モール
418951-20251205-3711037754,,,楽天市場,0,,モール
418951-20251205-3711054394,,,楽天市場,0,,モール
418951-20251205-3711054394,,,楽天市場,0,,モール
418951-20251205-0669742949,,,楽天市場,1424,,モール
418951-20251205-0669742949,,,楽天市場,1424,,モール
418951-20251205-0652543022,,,楽天市場,800,,モール
418951-20251205-0709343022,,,楽天市場,1000,,モール
418951-20251205-0763842954,,,楽天市場,1123,,モール
418951-20251205-0805443004,,,楽天市場,1000,,モール
418951-20251205-0601943130,,,楽天市場,800,,モール
418951-20251205-0601943130,,,楽天市場,800,,モール
418951-20251205-0660843144,,,楽天市場,800,,モール
418951-20251205-0080843228,,,楽天市場,1123,,モール
418951-20251205-0140843187,,,楽天市場,400,,モール
418951-20251205-0955342998,,,楽天市場,800,,モール
418951-20251205-0127943231,,,楽天市場,800,,モール
418951-20251205-0934442997,,,楽天市場,1123,,モール
418951-20251205-0810643096,,,楽天市場,2246,,モール
418951-20251205-0015243347,,,楽天市場,1123,,モール
418951-20251205-0023843360,,,楽天市場,800,,モール
418951-20251205-0012843392,,,楽天市場,0,,モール
418951-20251205-0016343385,,,楽天市場,3369,,モール
418951-20251205-0986443009,,,楽天市場,1123,,モール
418951-20251205-0042443379,,,楽天市場,800,,モール
418951-20251205-3713179812,,,楽天市場,0,,モール
418951-20251205-0149143299,,,楽天市場,800,,モール
418951-20251205-0149143299,,,楽天市場,800,,モール
418951-20251205-3713511665,,,楽天市場,0,,モール
418951-20251205-0888443084,,,楽天市場,0,,モール
418951-20251205-0217643283,,,楽天市場,1000,,モール
418951-20251205-0217643283,,,楽天市場,1000,,モール
418951-20251205-0261843253,,,楽天市場,1123,,モール
418951-20251205-0150143399,,,楽天市場,0,,モール
418951-20251205-0370743192,,,楽天市場,800,,モール
418951-20251205-0075243475,,,楽天市場,1000,,モール
418951-20251205-0945943078,,,楽天市場,800,,モール
418951-20251205-0294643331,,,楽天市場,1424,,モール
418951-20251205-0294643331,,,楽天市場,1424,,モール
418951-20251205-0541143186,,,楽天市場,0,,モール
418951-20251205-0300843376,,,楽天市場,1123,,モール
418951-20251205-0511643201,,,楽天市場,1123,,モール
418951-20251205-0341343334,,,楽天市場,0,,モール
418951-20251205-0295643412,,,楽天市場,1123,,モール
418951-20251205-0039843545,,,楽天市場,800,,モール
418951-20251205-0558643208,,,楽天市場,1123,,モール
418951-20251205-0208143488,,,楽天市場,800,,モール
418951-20251205-0624443198,,,楽天市場,0,,モール
418951-20251205-0624443198,,,楽天市場,0,,モール
418951-20251205-0193043516,,,楽天市場,800,,モール
418951-20251205-0427743417,,,楽天市場,1123,,モール
418951-20251205-0652043221,,,楽天市場,1123,,モール
418951-20251205-0459443401,,,楽天市場,0,,モール
418951-20251205-0437943466,,,楽天市場,1123,,モール
418951-20251205-0250643520,,,楽天市場,1123,,モール
418951-20251205-0511743416,,,楽天市場,800,,モール
418951-20251205-0234243540,,,楽天市場,1000,,モール
418951-20251205-0708343292,,,楽天市場,0,,モール
418951-20251205-0275343532,,,楽天市場,0,,モール
418951-20251205-0275343532,,,楽天市場,0,,モール
418951-20251205-0575043371,,,楽天市場,0,,モール
418951-20251205-0665743347,,,楽天市場,800,,モール
418951-20251205-0558443464,,,楽天市場,0,,モール
418951-20251205-0893243179,,,楽天市場,800,,モール
418951-20251205-0628143418,,,楽天市場,800,,モール
418951-20251205-0990243180,,,楽天市場,800,,モール
418951-20251205-0787043251,,,楽天市場,800,,モール
418951-20251205-0740843318,,,楽天市場,800,,モール
418951-20251205-0788243286,,,楽天市場,800,,モール
418951-20251205-0848843278,,,楽天市場,1000,,モール
418951-20251205-0809243282,,,楽天市場,1000,,モール
418951-20251205-0742443418,,,楽天市場,800,,モール
418951-20251205-0944243230,,,楽天市場,1000,,モール
418951-20251205-0984343256,,,楽天市場,1424,,モール
418951-20251205-0984343256,,,楽天市場,1424,,モール
418951-20251205-0754143407,,,楽天市場,0,,モール
418951-20251205-0547443523,,,楽天市場,1123,,モール
418951-20251205-0936743306,,,楽天市場,1000,,モール
418951-20251205-0944843281,,,楽天市場,800,,モール
418951-20251206-0871543399,,,楽天市場,1123,,モール
418951-20251206-0861643398,,,楽天市場,1123,,モール
418951-20251206-0853443440,,,楽天市場,1300,,モール
418951-20251206-3718217939,,,楽天市場,0,,モール
418951-20251206-3718217941,,,楽天市場,0,,モール
418951-20251206-3718218023,,,楽天市場,0,,モール
418951-20251206-3718222804,,,楽天市場,0,,モール
418951-20251206-3718230388,,,楽天市場,0,,モール
418951-20251206-0088943653,,,楽天市場,1000,,モール
418951-20251206-3718248769,,,楽天市場,0,,モール
418951-20251206-0983143363,,,楽天市場,1424,,モール
418951-20251206-0983143363,,,楽天市場,1424,,モール
418951-20251206-0122943652,,,楽天市場,800,,モール
418951-20251206-0122943652,,,楽天市場,800,,モール
418951-20251206-0017643730,,,楽天市場,1000,,モール
418951-20251206-0117943667,,,楽天市場,800,,モール
418951-20251206-0646543509,,,楽天市場,0,,モール
418951-20251206-0719743492,,,楽天市場,800,,モール
418951-20251206-3718666829,,,楽天市場,0,,モール
418951-20251206-0043743758,,,楽天市場,1000,,モール
418951-20251206-0043743758,,,楽天市場,1000,,モール
418951-20251206-0799943487,,,楽天市場,0,,モール
418951-20251206-0198843707,,,楽天市場,0,,モール
418951-20251206-0779843546,,,楽天市場,800,,モール
418951-20251206-0057143868,,,楽天市場,0,,モール
418951-20251206-0914743594,,,楽天市場,800,,モール
418951-20251206-0914743594,,,楽天市場,800,,モール
418951-20251206-0134343811,,,楽天市場,1123,,モール
418951-20251206-0406843643,,,楽天市場,800,,モール
418951-20251206-0273843801,,,楽天市場,0,,モール
418951-20251206-0468743710,,,楽天市場,800,,モール
418951-20251207-0412943746,,,楽天市場,0,,モール
418951-20251207-3720898772,,,楽天市場,0,,モール
418951-20251207-3720898935,,,楽天市場,0,,モール
418951-20251207-3720909306,,,楽天市場,0,,モール
418951-20251207-3720909315,,,楽天市場,0,,モール
418951-20251207-3720916552,,,楽天市場,0,,モール
418951-20251207-3720922596,,,楽天市場,0,,モール
418951-20251207-3720922601,,,楽天市場,0,,モール
418951-20251207-3720922612,,,楽天市場,0,,モール
418951-20251207-3720924516,,,楽天市場,0,,モール
418951-20251207-3720924517,,,楽天市場,0,,モール
418951-20251207-3720928981,,,楽天市場,0,,モール
418951-20251207-3720928980,,,楽天市場,0,,モール
418951-20251207-0540543891,,,楽天市場,0,,モール
418951-20251207-0398743820,,,楽天市場,1516,,モール
418951-20251207-0462343792,,,楽天市場,800,,モール
418951-20251207-0462343792,,,楽天市場,800,,モール
418951-20251207-0932743610,,,楽天市場,800,,モール
418951-20251207-0754343670,,,楽天市場,800,,モール
418951-20251207-0953443664,,,楽天市場,1123,,モール
418951-20251207-0844443759,,,楽天市場,0,,モール
418951-20251207-0322443988,,,楽天市場,1064,,モール
418951-20251207-3723178316,,,楽天市場,0,,モール
418951-20251208-3723826434,,,楽天市場,0,,モール
418951-20251208-3723833166,,,楽天市場,0,,モール
418951-20251208-3723833184,,,楽天市場,0,,モール
418951-20251208-3723839695,,,楽天市場,0,,モール
418951-20251208-3723846275,,,楽天市場,0,,モール
418951-20251208-3723852430,,,楽天市場,0,,モール
418951-20251208-3723852504,,,楽天市場,0,,モール
418951-20251208-3723859511,,,楽天市場,0,,モール
418951-20251208-3723865573,,,楽天市場,0,,モール
418951-20251208-3723865572,,,楽天市場,0,,モール
418951-20251208-0396044007,,,楽天市場,800,,モール
418951-20251208-0037944145,,,楽天市場,1123,,モール
418951-20251208-0846943876,,,楽天市場,800,,モール
418951-20251208-0846943876,,,楽天市場,800,,モール
418951-20251208-0572043928,,,楽天市場,1123,,モール
418951-20251208-0739043899,,,楽天市場,1000,,モール
418951-20251208-0986143850,,,楽天市場,800,,モール
418951-20251208-0102544160,,,楽天市場,2928,,モール
ladder-shop-10000218,,,Yahoo!ショッピング,0,,モール
ladder-shop-10000219,,,Yahoo!ショッピング,1500,,モール
ladder-shop-10000220,,,Yahoo!ショッピング,0,,モール
ladder-shop-10000221,,,Yahoo!ショッピング,1500,,モール
ladder-shop-10000222,,,Yahoo!ショッピング,0,,モール
ladder-shop-10000224,,,Yahoo!ショッピング,0,,モール
ladder-shop-10000225,,,Yahoo!ショッピング,0,,モール
ladder-shop-10000226,,,Yahoo!ショッピング,0,,モール
418951-20251208-0586643976,,,楽天市場,800,,モール
418951-20251208-3724813724,,,楽天市場,0,,モール
418951-20251208-0070044272,,,楽天市場,800,,モール
418951-20251208-0070044272,,,楽天市場,800,,モール
418951-20251208-0046044291,,,楽天市場,1123,,モール
418951-20251208-0449744064,,,楽天市場,0,,モール
418951-20251208-3725175894,,,楽天市場,0,,モール
418951-20251208-3725343330,,,楽天市場,0,,モール
418951-20251208-3725343330,,,楽天市場,0,,モール
418951-20251208-0766744002,,,楽天市場,0,,モール
418951-20251208-0913343904,,,楽天市場,0,,モール
418951-20251208-3725968831,,,楽天市場,0,,モール
418951-20251209-0787544016,,,楽天市場,1000,,モール
418951-20251209-0787544016,,,楽天市場,1000,,モール
418951-20251209-3726212866,,,楽天市場,0,,モール
418951-20251209-3726212920,,,楽天市場,0,,モール
418951-20251209-3726213567,,,楽天市場,0,,モール
418951-20251209-3726213608,,,楽天市場,0,,モール
418951-20251209-3726220287,,,楽天市場,0,,モール
418951-20251209-3726224958,,,楽天市場,0,,モール
418951-20251209-3726224974,,,楽天市場,0,,モール
418951-20251209-3726231177,,,楽天市場,0,,モール
418951-20251209-3726237773,,,楽天市場,0,,モール
418951-20251209-3726238391,,,楽天市場,0,,モール
418951-20251209-3726238392,,,楽天市場,0,,モール
418951-20251209-3726242854,,,楽天市場,0,,モール
418951-20251209-0915943924,,,楽天市場,800,,モール
418951-20251209-0399144223,,,楽天市場,1424,,モール
418951-20251209-0399144223,,,楽天市場,1424,,モール
418951-20251209-0471844166,,,楽天市場,3032,,モール
418951-20251209-0586744109,,,楽天市場,0,,モール
418951-20251209-0586744109,,,楽天市場,0,,モール
418951-20251209-0781444000,,,楽天市場,2928,,モール
418951-20251209-0896244013,,,楽天市場,0,,モール
418951-20251209-0061144342,,,楽天市場,800,,モール
418951-20251209-0645744134,,,楽天市場,0,,モール
418951-20251209-0645744134,,,楽天市場,0,,モール
418951-20251209-0894444060,,,楽天市場,800,,モール
418951-20251209-0554944251,,,楽天市場,0,,モール
418951-20251209-3727522222,,,楽天市場,0,,モール
418951-20251209-3727574006,,,楽天市場,0,,モール
418951-20251209-0145444391,,,楽天市場,1000,,モール
418951-20251209-0188544379,,,楽天市場,800,,モール
418951-20251209-0133244412,,,楽天市場,0,,モール
418951-20251209-0746244209,,,楽天市場,0,,モール
418951-20251209-0823944132,,,楽天市場,1123,,モール
418951-20251209-0863444148,,,楽天市場,1123,,モール
418951-20251210-0203844416,,,楽天市場,0,,モール
418951-20251210-3728996238,,,楽天市場,0,,モール
418951-20251210-3729025743,,,楽天市場,0,,モール
418951-20251210-0216444444,,,楽天市場,0,,モール
418951-20251210-0216444444,,,楽天市場,0,,モール
418951-20251210-3729057426,,,楽天市場,0,,モール
418951-20251210-3729057476,,,楽天市場,0,,モール
418951-20251210-3729100777,,,楽天市場,0,,モール
418951-20251210-3729107924,,,楽天市場,0,,モール
418951-20251210-3729107934,,,楽天市場,0,,モール
418951-20251210-3729107934,,,楽天市場,0,,モール
418951-20251210-3729107959,,,楽天市場,0,,モール
418951-20251210-3729107959,,,楽天市場,0,,モール
418951-20251210-0896044213,,,楽天市場,0,,モール
418951-20251210-0442344340,,,楽天市場,0,,モール
418951-20251210-0392044379,,,楽天市場,800,,モール
418951-20251210-0392044379,,,楽天市場,800,,モール
418951-20251210-0369244453,,,楽天市場,1000,,モール
418951-20251210-0345044468,,,楽天市場,1000,,モール
418951-20251210-0323444444,,,楽天市場,800,,モール
418951-20251210-0042444630,,,楽天市場,1123,,モール
418951-20251210-0580444358,,,楽天市場,1123,,モール
418951-20251210-0344144508,,,楽天市場,5856,,モール
ladder-shop-10000230,,,Yahoo!ショッピング,0,,モール
ladder-shop-10000231,,,Yahoo!ショッピング,0,,モール
418951-20251210-0259544581,,,楽天市場,800,,モール
418951-20251210-0852744320,,,楽天市場,3032,,モール
418951-20251210-3731291744,,,楽天市場,0,,モール
418951-20251210-0580844522,,,楽天市場,800,,モール
418951-20251210-0580844522,,,楽天市場,800,,モール
418951-20251210-0353044649,,,楽天市場,0,,モール
418951-20251210-0827044450,,,楽天市場,800,,モール
418951-20251210-0398544682,,,楽天市場,2848,,モール
418951-20251210-0398544682,,,楽天市場,2848,,モール
418951-20251210-0761244515,,,楽天市場,800,,モール
418951-20251210-0628844582,,,楽天市場,800,,モール
418951-20251210-0475944716,,,楽天市場,800,,モール
418951-20251210-0196044774,,,楽天市場,1123,,モール
418951-20251210-0756944623,,,楽天市場,1000,,モール
418951-20251210-0839044626,,,楽天市場,1123,,モール
418951-20251210-0905744630,,,楽天市場,0,,モール
418951-20251210-0023444972,,,楽天市場,1000,,モール
418951-20251210-0514344743,,,楽天市場,800,,モール
418951-20251210-0514344743,,,楽天市場,800,,モール
418951-20251210-0294044954,,,楽天市場,1000,,モール
418951-20251210-0259544972,,,楽天市場,0,,モール
418951-20251210-0234845040,,,楽天市場,0,,モール
418951-20251210-0824044735,,,楽天市場,800,,モール
418951-20251210-0272245017,,,楽天市場,1000,,モール
418951-20251210-0104445132,,,楽天市場,1000,,モール
418951-20251210-0503144956,,,楽天市場,0,,モール
418951-20251210-0431145003,,,楽天市場,800,,モール
418951-20251211-0449245025,,,楽天市場,800,,モール
418951-20251211-0684844920,,,楽天市場,1123,,モール
418951-20251211-0440245068,,,楽天市場,800,,モール
418951-20251211-0440245068,,,楽天市場,800,,モール
418951-20251211-0450245066,,,楽天市場,1000,,モール
418951-20251211-0767444886,,,楽天市場,0,,モール
418951-20251211-3738236027,,,楽天市場,0,,モール
418951-20251211-3738243502,,,楽天市場,0,,モール
418951-20251211-3738256088,,,楽天市場,0,,モール
418951-20251211-3738264681,,,楽天市場,0,,モール
418951-20251211-3738296993,,,楽天市場,0,,モール
418951-20251211-0899544867,,,楽天市場,1000,,モール
418951-20251211-0899544867,,,楽天市場,1000,,モール
418951-20251211-0580345056,,,楽天市場,0,,モール
418951-20251211-0897044906,,,楽天市場,1123,,モール
418951-20251211-0677945055,,,楽天市場,0,,モール
418951-20251211-0680445039,,,楽天市場,0,,モール
418951-20251211-0629345094,,,楽天市場,1123,,モール
418951-20251211-0519045123,,,楽天市場,1123,,モール
418951-20251211-0971144894,,,楽天市場,0,,モール
418951-20251211-0088045266,,,楽天市場,0,,モール
418951-20251211-0147445227,,,楽天市場,0,,モール
418951-20251211-0020545335,,,楽天市場,0,,モール
418951-20251211-0117545313,,,楽天市場,0,,モール
418951-20251212-0792245043,,,楽天市場,0,,モール
418951-20251212-3739701116,,,楽天市場,0,,モール
418951-20251212-3739701167,,,楽天市場,0,,モール
418951-20251212-3739705984,,,楽天市場,0,,モール
418951-20251212-3739706039,,,楽天市場,0,,モール
418951-20251212-3739711955,,,楽天市場,0,,モール
418951-20251212-3739711958,,,楽天市場,0,,モール
418951-20251212-3739717771,,,楽天市場,0,,モール
418951-20251212-0004545453,,,楽天市場,0,,モール
418951-20251212-0796745023,,,楽天市場,0,,モール
418951-20251212-0353745277,,,楽天市場,0,,モール
418951-20251212-0585845164,,,楽天市場,0,,モール
418951-20251212-0681845153,,,楽天市場,0,,モール
418951-20251212-0422945286,,,楽天市場,0,,モール
418951-20251213-3740962560,,,楽天市場,0,,モール
418951-20251213-3740962868,,,楽天市場,0,,モール
418951-20251213-3740963236,,,楽天市場,0,,モール
418951-20251213-3740963253,,,楽天市場,0,,モール
418951-20251213-3740974201,,,楽天市場,0,,モール
418951-20251213-3740974210,,,楽天市場,0,,モール
ladder-shop-10000232,,,Yahoo!ショッピング,0,,モール
ladder-shop-10000233,,,Yahoo!ショッピング,1500,,モール
418951-20251213-0677445322,,,楽天市場,0,,モール
418951-20251213-0677445322,,,楽天市場,0,,モール
418951-20251213-0502645579,,,楽天市場,0,,モール
418951-20251213-0534545576,,,楽天市場,0,,モール
ladder-shop-10000236,,,Yahoo!ショッピング,0,,モール
418951-20251213-0599545593,,,楽天市場,0,,モール
418951-20251213-3742059331,,,楽天市場,0,,モール
ladder-shop-10000238,,,Yahoo!ショッピング,0,,モール
418951-20251214-3742600907,,,楽天市場,0,,モール
418951-20251214-0710245646,,,楽天市場,0,,モール
ladder-shop-10000239,,,Yahoo!ショッピング,1500,,モール
418951-20251214-0225545758,,,楽天市場,1123,,モール
ladder-shop-10000240,,,Yahoo!ショッピング,0,,モール
ladder-shop-10000241,,,Yahoo!ショッピング,0,,モール
ladder-shop-10000242,,,Yahoo!ショッピング,0,,モール
ladder-shop-10000243,,,Yahoo!ショッピング,0,,モール
418951-20251214-3743934950,,,楽天市場,0,,モール
ladder-shop-10000244,,,Yahoo!ショッピング,0,,モール
418951-20251215-3744605373,,,楽天市場,0,,モール
418951-20251215-3744615440,,,楽天市場,0,,モール
418951-20251215-3744615448,,,楽天市場,0,,モール
418951-20251215-3744615455,,,楽天市場,0,,モール
418951-20251215-3744615473,,,楽天市場,0,,モール
418951-20251215-3744616334,,,楽天市場,0,,モール
418951-20251215-3744616356,,,楽天市場,0,,モール
418951-20251215-3744616412,,,楽天市場,0,,モール
418951-20251215-3744622201,,,楽天市場,0,,モール
418951-20251215-3744629123,,,楽天市場,0,,モール
418951-20251215-0763845801,,,楽天市場,1000,,モール
418951-20251215-0828845773,,,楽天市場,1000,,モール
418951-20251215-0604345842,,,楽天市場,1123,,モール
ladder-shop-10000246,,,Yahoo!ショッピング,1500,,モール
418951-20251215-0280746018,,,楽天市場,1000,,モール
ladder-shop-10000247,,,Yahoo!ショッピング,0,,モール
418951-20251215-0838645811,,,楽天市場,1123,,モール
418951-20251215-0950445798,,,楽天市場,0,,モール
418951-20251215-0950445798,,,楽天市場,0,,モール
418951-20251215-0793045839,,,楽天市場,1123,,モール
418951-20251215-0025546187,,,楽天市場,1123,,モール
418951-20251215-0044946190,,,楽天市場,0,,モール
418951-20251215-0265646142,,,楽天市場,1000,,モール
418951-20251215-0999345812,,,楽天市場,1123,,モール
418951-20251215-0435846006,,,楽天市場,1123,,モール
418951-20251215-0727445991,,,楽天市場,0,,モール
ladder-shop-10000248,,,Yahoo!ショッピング,0,,モール
418951-20251215-0326546148,,,楽天市場,1123,,モール
418951-20251215-0618846003,,,楽天市場,0,,モール
418951-20251215-0028946242,,,楽天市場,0,,モール
418951-20251215-0914045855,,,楽天市場,1424,,モール
418951-20251215-0914045855,,,楽天市場,1424,,モール
418951-20251215-0307246176,,,楽天市場,0,,モール
418951-20251215-0393646165,,,楽天市場,1000,,モール
418951-20251215-0772645998,,,楽天市場,0,,モール
418951-20251215-0361246178,,,楽天市場,0,,モール
418951-20251215-0361246178,,,楽天市場,0,,モール
418951-20251215-0557046161,,,楽天市場,0,,モール
418951-20251215-3746664166,,,楽天市場,0,,モール
418951-20251215-0658246143,,,楽天市場,1424,,モール
418951-20251215-0658246143,,,楽天市場,1424,,モール
418951-20251215-0358146241,,,楽天市場,0,,モール
418951-20251215-0925846002,,,楽天市場,0,,モール
418951-20251215-0871546021,,,楽天市場,2848,,モール
418951-20251215-0871546021,,,楽天市場,2848,,モール
418951-20251215-3746861939,,,楽天市場,0,,モール
418951-20251215-0565646190,,,楽天市場,100,,モール
418951-20251215-0589046184,,,楽天市場,0,,モール
418951-20251215-0419846248,,,楽天市場,0,,モール
418951-20251215-0702946162,,,楽天市場,0,,モール
418951-20251215-0556446228,,,楽天市場,0,,モール
418951-20251215-0556446228,,,楽天市場,0,,モール
418951-20251215-0678946195,,,楽天市場,1000,,モール
418951-20251215-0147146305,,,楽天市場,0,,モール
418951-20251215-0598846232,,,楽天市場,1123,,モール
418951-20251215-0720246214,,,楽天市場,0,,モール
418951-20251215-0858946175,,,楽天市場,0,,モール
418951-20251215-0708846193,,,楽天市場,0,,モール
418951-20251215-0307646305,,,楽天市場,0,,モール
418951-20251215-0753546217,,,楽天市場,0,,モール
418951-20251215-0753546217,,,楽天市場,0,,モール
418951-20251216-3747794125,,,楽天市場,0,,モール
418951-20251216-3747794331,,,楽天市場,0,,モール
418951-20251216-3747803710,,,楽天市場,0,,モール
418951-20251216-3747803713,,,楽天市場,0,,モール
418951-20251216-3747803739,,,楽天市場,0,,モール
418951-20251216-3747804066,,,楽天市場,0,,モール
418951-20251216-3747812436,,,楽天市場,0,,モール
418951-20251216-3747819970,,,楽天市場,0,,モール
418951-20251216-3747819970,,,楽天市場,0,,モール
418951-20251216-0003446464,,,楽天市場,0,,モール
418951-20251216-0003446464,,,楽天市場,0,,モール
418951-20251216-0085846549,,,楽天市場,0,,モール
418951-20251216-0230646397,,,楽天市場,0,,モール
418951-20251216-0538546383,,,楽天市場,0,,モール
ladder-shop-10000251,,,Yahoo!ショッピング,0,,モール
418951-20251216-0385846397,,,楽天市場,0,,モール
418951-20251216-0385646444,,,楽天市場,0,,モール
418951-20251216-0385646444,,,楽天市場,0,,モール
418951-20251216-3749265277,,,楽天市場,0,,モール
418951-20251217-3749359950,,,楽天市場,0,,モール
418951-20251217-3749359964,,,楽天市場,0,,モール
418951-20251217-3749359973,,,楽天市場,0,,モール
418951-20251217-3749391541,,,楽天市場,0,,モール
418951-20251217-3749392039,,,楽天市場,0,,モール
418951-20251217-3749405657,,,楽天市場,0,,モール
418951-20251217-3749413400,,,楽天市場,0,,モール
418951-20251217-3749413420,,,楽天市場,0,,モール
418951-20251217-0720646362,,,楽天市場,0,,モール
418951-20251217-0663246416,,,楽天市場,1000,,モール
418951-20251217-0743246396,,,楽天市場,0,,モール
ladder-shop-10000252,,,Yahoo!ショッピング,0,,モール
418951-20251217-0713646416,,,楽天市場,0,,モール
418951-20251217-0846246431,,,楽天市場,0,,モール
ladder-shop-10000253,,,Yahoo!ショッピング,0,,モール
418951-20251217-0078446756,,,楽天市場,0,,モール
418951-20251218-3750973054,,,楽天市場,0,,モール
418951-20251218-3750973053,,,楽天市場,0,,モール
418951-20251218-3750978015,,,楽天市場,0,,モール
418951-20251218-3750978049,,,楽天市場,0,,モール
418951-20251218-3750981802,,,楽天市場,0,,モール
418951-20251218-3750981805,,,楽天市場,0,,モール
418951-20251218-3750986587,,,楽天市場,0,,モール
418951-20251218-3750987347,,,楽天市場,0,,モール
418951-20251218-3750991029,,,楽天市場,0,,モール
418951-20251218-3750993837,,,楽天市場,0,,モール
418951-20251218-3751003890,,,楽天市場,0,,モール
418951-20251218-3751003890,,,楽天市場,0,,モール
418951-20251218-3751003895,,,楽天市場,0,,モール
418951-20251218-3751003897,,,楽天市場,0,,モール
418951-20251218-0290846892,,,楽天市場,1123,,モール
418951-20251218-0404046852,,,楽天市場,0,,モール
418951-20251218-0407846938,,,楽天市場,2848,,モール
418951-20251218-0407846938,,,楽天市場,2848,,モール
418951-20251218-0434846858,,,楽天市場,0,,モール
418951-20251218-0441146852,,,楽天市場,0,,モール
ladder-shop-10000255,,,Yahoo!ショッピング,0,,モール
418951-20251218-0669446818,,,楽天市場,1123,,モール
418951-20251219-3753010442,,,楽天市場,0,,モール
418951-20251219-3753004905,,,楽天市場,0,,モール
418951-20251219-3753010443,,,楽天市場,0,,モール
418951-20251219-3753010470,,,楽天市場,0,,モール
418951-20251219-3753011354,,,楽天市場,0,,モール
418951-20251219-3753016748,,,楽天市場,0,,モール
418951-20251219-3753016768,,,楽天市場,0,,モール
418951-20251219-3753017162,,,楽天市場,0,,モール
418951-20251219-3753023558,,,楽天市場,0,,モール
418951-20251219-3753190978,,,楽天市場,0,,モール
418951-20251219-0940546881,,,楽天市場,0,,モール
418951-20251219-3753488754,,,楽天市場,0,,モール
418951-20251219-0132047154,,,楽天市場,1000,,モール
418951-20251219-0167247095,,,楽天市場,1000,,モール
ladder-shop-10000256,,,Yahoo!ショッピング,0,,モール
418951-20251220-3754948657,,,楽天市場,0,,モール
ladder-shop-10000257,,,Yahoo!ショッピング,0,,モール
418951-20251220-3755056185,,,楽天市場,0,,モール
418951-20251220-3755062177,,,楽天市場,0,,モール
418951-20251220-3755062284,,,楽天市場,0,,モール
418951-20251220-3755071388,,,楽天市場,0,,モール
418951-20251220-3755087699,,,楽天市場,0,,モール
418951-20251220-3755087710,,,楽天市場,0,,モール
418951-20251220-3755088236,,,楽天市場,0,,モール
418951-20251220-3755111829,,,楽天市場,0,,モール
418951-20251220-0635646989,,,楽天市場,0,,モール
418951-20251220-0582147029,,,楽天市場,0,,モール
418951-20251220-0555647068,,,楽天市場,1424,,モール
418951-20251220-0555647068,,,楽天市場,1424,,モール
418951-20251220-3755350464,,,楽天市場,0,,モール
418951-20251220-0532147167,,,楽天市場,0,,モール
418951-20251220-0665047055,,,楽天市場,1424,,モール
418951-20251220-0665047055,,,楽天市場,1424,,モール
418951-20251220-3755545712,,,楽天市場,0,,モール
418951-20251220-0774446988,,,楽天市場,0,,モール
ladder-shop-10000258,,,Yahoo!ショッピング,0,,モール
418951-20251220-0698047129,,,楽天市場,1123,,モール
418951-20251220-0775547028,,,楽天市場,0,,モール
418951-20251220-0814347033,,,楽天市場,1000,,モール
418951-20251220-0720247176,,,楽天市場,1123,,モール
418951-20251220-0808447067,,,楽天市場,1123,,モール
418951-20251220-0800047059,,,楽天市場,1123,,モール
418951-20251220-0887047048,,,楽天市場,2128,,モール
418951-20251220-0794647173,,,楽天市場,1123,,モール
418951-20251220-0996347006,,,楽天市場,0,,モール
418951-20251220-0793447172,,,楽天市場,1000,,モール
418951-20251220-0972547048,,,楽天市場,1123,,モール
418951-20251220-0127447196,,,楽天市場,2246,,モール
418951-20251220-0901347181,,,楽天市場,1500,,モール
418951-20251220-0036747289,,,楽天市場,0,,モール
418951-20251220-0036747289,,,楽天市場,0,,モール
418951-20251220-0080347267,,,楽天市場,2128,,モール
418951-20251220-0953747164,,,楽天市場,1123,,モール
418951-20251220-0067947356,,,楽天市場,0,,モール
418951-20251220-0219347248,,,楽天市場,2246,,モール
418951-20251220-0171547351,,,楽天市場,1000,,モール
418951-20251220-0252447368,,,楽天市場,1123,,モール
418951-20251220-0361547325,,,楽天市場,0,,モール
418951-20251220-0318447375,,,楽天市場,1123,,モール
418951-20251220-0644947205,,,楽天市場,0,,モール
418951-20251220-0588347274,,,楽天市場,1123,,モール
418951-20251220-0733647209,,,楽天市場,1000,,モール
418951-20251220-0723947220,,,楽天市場,0,,モール
418951-20251220-0596447313,,,楽天市場,0,,モール
418951-20251220-0521647382,,,楽天市場,0,,モール
418951-20251220-0639547303,,,楽天市場,1123,,モール
418951-20251220-0561447365,,,楽天市場,1000,,モール
418951-20251220-0845047217,,,楽天市場,0,,モール
418951-20251220-0742247308,,,楽天市場,0,,モール
418951-20251220-0523147393,,,楽天市場,0,,モール
418951-20251220-0523147393,,,楽天市場,0,,モール
418951-20251220-0041247396,,,楽天市場,0,,モール
418951-20251220-0017047409,,,楽天市場,561,,モール
418951-20251220-0929147237,,,楽天市場,0,,モール
418951-20251220-0929147237,,,楽天市場,0,,モール
418951-20251220-0914047235,,,楽天市場,0,,モール
418951-20251221-0866747281,,,楽天市場,0,,モール
418951-20251221-0879347316,,,楽天市場,0,,モール
418951-20251221-3759259744,,,楽天市場,0,,モール
418951-20251221-3759259760,,,楽天市場,0,,モール
418951-20251221-3759259808,,,楽天市場,0,,モール
418951-20251221-3759259848,,,楽天市場,0,,モール
418951-20251221-3759264005,,,楽天市場,0,,モール
418951-20251221-3759273232,,,楽天市場,0,,モール
418951-20251221-3759277848,,,楽天市場,0,,モール
418951-20251221-3759278266,,,楽天市場,0,,モール
418951-20251221-0851047337,,,楽天市場,0,,モール
418951-20251221-0860147359,,,楽天市場,0,,モール
418951-20251221-0870447337,,,楽天市場,1424,,モール
418951-20251221-0870447337,,,楽天市場,1424,,モール
418951-20251221-0147947412,,,楽天市場,0,,モール
418951-20251221-0976547272,,,楽天市場,1000,,モール
418951-20251221-0977747293,,,楽天市場,0,,モール
418951-20251221-0952647311,,,楽天市場,0,,モール
ladder-shop-10000260,,,Yahoo!ショッピング,0,,モール
418951-20251221-0126947442,,,楽天市場,0,,モール
418951-20251221-0940547369,,,楽天市場,1424,,モール
418951-20251221-0940547369,,,楽天市場,1424,,モール
418951-20251221-0302547419,,,楽天市場,0,,モール
418951-20251221-0349447449,,,楽天市場,0,,モール
418951-20251221-3760204360,,,楽天市場,0,,モール
418951-20251221-3760204360,,,楽天市場,0,,モール
418951-20251221-0379447493,,,楽天市場,0,,モール
418951-20251221-0379447493,,,楽天市場,0,,モール
418951-20251221-0669747412,,,楽天市場,0,,モール
418951-20251221-0532347477,,,楽天市場,0,,モール
418951-20251221-0532347477,,,楽天市場,0,,モール
418951-20251221-0895547397,,,楽天市場,1123,,モール
418951-20251221-0469847591,,,楽天市場,0,,モール
418951-20251222-0632147589,,,楽天市場,0,,モール
418951-20251222-3761733722,,,楽天市場,0,,モール
418951-20251222-3761733737,,,楽天市場,0,,モール
418951-20251222-3761744983,,,楽天市場,0,,モール
418951-20251222-3761745026,,,楽天市場,0,,モール
418951-20251222-3761745038,,,楽天市場,0,,モール
418951-20251222-3761745036,,,楽天市場,0,,モール
418951-20251222-3761749553,,,楽天市場,0,,モール
418951-20251222-0897447460,,,楽天市場,0,,モール
418951-20251222-3761750300,,,楽天市場,0,,モール
418951-20251222-3761760688,,,楽天市場,0,,モール
418951-20251222-3761760696,,,楽天市場,0,,モール
418951-20251222-3761761209,,,楽天市場,0,,モール
418951-20251222-0058147646,,,楽天市場,0,,モール
418951-20251222-0842247514,,,楽天市場,0,,モール
418951-20251222-0718047572,,,楽天市場,0,,モール
418951-20251222-0987047566,,,楽天市場,0,,モール
ladder-shop-10000263,,,Yahoo!ショッピング,0,,モール
418951-20251222-0443047650,,,楽天市場,0,,モール
418951-20251222-0064247805,,,楽天市場,0,,モール
ladder-shop-10000264,,,Yahoo!ショッピング,0,,モール
418951-20251222-0377347735,,,楽天市場,1123,,モール
418951-20251222-0587547687,,,楽天市場,0,,モール
418951-20251223-0405647753,,,楽天市場,0,,モール
418951-20251223-3763660285,,,楽天市場,0,,モール
418951-20251223-3763724429,,,楽天市場,0,,モール
418951-20251223-0041447931,,,楽天市場,1123,,モール
418951-20251223-0078747830,,,楽天市場,0,,モール
418951-20251223-0330047972,,,楽天市場,1123,,モール
ladder-shop-10000266,,,Yahoo!ショッピング,0,,モール
418951-20251223-0527147970,,,楽天市場,1123,,モール
418951-20251223-0588647897,,,楽天市場,0,,モール
418951-20251224-3765407112,,,楽天市場,0,,モール
418951-20251224-3765407137,,,楽天市場,0,,モール
418951-20251224-0647847826,,,楽天市場,0,,モール
418951-20251224-3765430401,,,楽天市場,0,,モール
418951-20251224-0751147955,,,楽天市場,0,,モール
418951-20251224-0751147955,,,楽天市場,0,,モール
418951-20251224-0821947829,,,楽天市場,0,,モール
418951-20251224-0917247980,,,楽天市場,1000,,モール
418951-20251224-0889847916,,,楽天市場,0,,モール
418951-20251224-0058248044,,,楽天市場,0,,モール
418951-20251224-0067648063,,,楽天市場,1000,,モール
418951-20251225-3767017710,,,楽天市場,0,,モール
418951-20251225-3767222648,,,楽天市場,0,,モール
418951-20251225-0397548139,,,楽天市場,0,,モール
418951-20251225-0401348132,,,楽天市場,1123,,モール
418951-20251225-0505348100,,,楽天市場,1000,,モール
418951-20251225-0475348121,,,楽天市場,0,,モール
582133021981902615,,,TikTok,,,tiktok
582108092675491038,,,TikTok,,,tiktok
582094558801528440,,,TikTok,,,tiktok
582094558799102994,,,TikTok,,,tiktok
582089083547649246,,,TikTok,,,tiktok
582080048874423334,,,TikTok,,,tiktok
579207258388661670,,,TikTok,,,tiktok
582031941819270566,,,TikTok,,,tiktok
582031941811340769,,,TikTok,,,tiktok
581921089722550228,,,TikTok,,,tiktok
581896961471644823,,,TikTok,,,tiktok
581820943407810139,,,TikTok,,,tiktok
581820853813544539,,,TikTok,,,tiktok
581820914692818523,,,TikTok,,,tiktok
581667049643279625,,,TikTok,,,tiktok
581666521549866249,,,TikTok,,,tiktok
581627482134644187,,,TikTok,,,tiktok
581471902826464521,,,TikTok,,,tiktok
581289103999141189,,,TikTok,,,tiktok
581235916370379946,,,TikTok,,,tiktok
581178758032689124,,,TikTok,,,tiktok
581160132111205574,,,TikTok,,,tiktok
581158210679244380,,,TikTok,,,tiktok
581134390377220052,,,TikTok,,,tiktok
581106869177189830,,,TikTok,,,tiktok
581091504838182300,,,TikTok,,,tiktok
581069269427783182,,,TikTok,,,tiktok
581069231149057042,,,TikTok,,,tiktok
581069217075136066,,,TikTok,,,tiktok
581069215369692742,,,TikTok,,,tiktok
581063188772390851,,,TikTok,,,tiktok
581063257269437644,,,TikTok,,,tiktok
581063231053923971,,,TikTok,,,tiktok
581046010165364423,,,TikTok,,,tiktok
581038491887240809,,,TikTok,,,tiktok
581030022443009716,,,TikTok,,,tiktok
581013861065656079,,,TikTok,,,tiktok
581013781177534078,,,TikTok,,,tiktok
581013911097345814,,,TikTok,,,tiktok
581011199573526066,,,TikTok,,,tiktok
581007035842397589,,,TikTok,,,tiktok
580993358602208661,,,TikTok,,,tiktok
580992997915199026,,,TikTok,,,tiktok
580939074738750869,,,TikTok,,,tiktok
580938989760906991,,,TikTok,,,tiktok
580939067247396833,,,TikTok,,,tiktok
580939016711603814,,,TikTok,,,tiktok
580938977041680310,,,TikTok,,,tiktok
580927637393541043,,,TikTok,,,tiktok
580922903699424908,,,TikTok,,,tiktok
580875198679843858,,,TikTok,,,tiktok
580854977503725480,,,TikTok,,,tiktok
580824080876078368,,,TikTok,,,tiktok
580546006873835074,,,TikTok,,,tiktok
580544962623145607,,,TikTok,,,tiktok
580544940095735044,,,TikTok,,,tiktok
580174477337724534,,,TikTok,,,tiktok
